{"0": [-0.907276451587677, 14.052760124206543], "1": [-1.0710328817367554, 16.929914474487305], "2": [-0.9071627855300903, 7.653703689575195], "3": [-0.8318252563476562, 4.681801795959473], "4": [-0.8971545696258545, 11.104531288146973], "5": [-0.8876044750213623, 12.342981338500977], "6": [-0.8702510595321655, 10.944116592407227], "7": [-0.902999997138977, 12.639286994934082]}